idx,I,II,III,aVR,aVL,aVF,V1,V2,V3,V4,V5,V6
0,-0.02188109121873571,-0.027627873285774242,-0.02425522595840024,0.01605156532879852,-0.0016618211923296565,-0.02915818036367844,6.119804930170697e-05,-0.08142011322465599,-0.07229370990113075,-0.05958565191038409,-0.03765193331416758,-0.029967575288513355
1,-0.028696328604203368,-0.031799542575465446,-0.020344320767889584,0.020510179427706866,-0.005448811072861567,-0.03117697994961953,0.005962245728784295,-0.08672376576421882,-0.07140366789677621,-0.062259764058873165,-0.04407633438228993,-0.03555167434395489
2,-0.034076147338332106,-0.03888864794634473,-0.019567710761269057,0.026430593561464204,-0.008422294397662787,-0.03536464585594963,0.005160258844938006,-0.09184670844843652,-0.0712609336139413,-0.06596814892288815,-0.04825833129056861,-0.04044129633623516
3,-0.03549157884219951,-0.052364862574909236,-0.024944325772134124,0.03439717738577668,-0.00770371477016836,-0.04211895780276542,0.007436830904918954,-0.09540625296566625,-0.07451679094259882,-0.07031519429297978,-0.05373041634324818,-0.04128468024259029
4,-0.03520136348449126,-0.0577916352321813,-0.033793464986484126,0.04054263395589399,-0.004991768733566524,-0.04674652003872953,0.008222189577804222,-0.09668976945461294,-0.0792939462899897,-0.07249975180226621,-0.05831493088247568,-0.03908099872394349
5,-0.0330555330004258,-0.055103615052310324,-0.03839844184632713,0.04102231241479389,-0.004245075109574135,-0.04759827736625437,0.007805909930707466,-0.09709782644965823,-0.08120972101936329,-0.07158953293392836,-0.05645847641740004,-0.041522438329463514
6,-0.03132481784509831,-0.052707460712004585,-0.03740474806800191,0.03628002883668848,-0.006551298597203973,-0.045937635759954035,0.007856622996384049,-0.0969158660843832,-0.07880336323177874,-0.07041604717194856,-0.05209194958336355,-0.04657358317705838
7,-0.02882956156767353,-0.052751227273379074,-0.03634157750011033,0.031260724514272246,-0.006615484832721962,-0.046402008928128,0.004590495038381107,-0.09410661019838877,-0.07592623997611318,-0.07319315062928897,-0.05010726196112958,-0.048128465504386785
8,-0.031093507381644465,-0.050979091259418095,-0.03786963531968199,0.030648997859159137,-0.003032362806100884,-0.04528529964400951,-0.00292889115078138,-0.08933646238799717,-0.07582347077478686,-0.0753329917785849,-0.04869464176969014,-0.04752964824917658
9,-0.0277800246800775,-0.04614829105640076,-0.03448743203509896,0.03269582217609555,-0.005119814309799133,-0.041129095251975334,-0.0030266621166097803,-0.08645723188340476,-0.0762091513494045,-0.07388665369201233,-0.04797088821460764,-0.04586777714213603
10,-0.02526043033647308,-0.04033539311013352,-0.03213361863764995,0.031646055213240064,-0.005058364464998626,-0.03681801105900734,0.0009426263480211312,-0.08650854640902919,-0.07374676351803408,-0.0699538058613604,-0.046850724896858945,-0.044158215782402595
11,-0.02437003903558215,-0.035165540954534925,-0.028466059223741534,0.028062612211908845,-0.007291194565054452,-0.03321054739187898,0.0037200846243759488,-0.08726576982349109,-0.07082112013940774,-0.06613172289214284,-0.04536483683244322,-0.04278537861698118
12,-0.024361667151636894,-0.03484710923909919,-0.02539782285316316,0.028293915765143944,-0.012348546320058832,-0.036088149724224874,0.007195454549495401,-0.08732195656280732,-0.06720592539745218,-0.05980817697749874,-0.04753543229267887,-0.04457974866392669
13,-0.026661559291143853,-0.03704442893869898,-0.02884324490827831,0.03297620502945774,-0.01627930556269848,-0.035669263824665065,0.010497773701289372,-0.08668932408340049,-0.07089470026138484,-0.05738362910188689,-0.048632090127065,-0.04810656686170157
14,-0.026631351075415928,-0.04138466173476004,-0.030449816311135143,0.036955475548827076,-0.015607154528607194,-0.03705397334816503,0.011637085066009748,-0.08674548147028394,-0.07213173138432803,-0.05812837820311327,-0.046646421999167575,-0.04804276741898223
15,-0.025971042328820367,-0.04607145538783993,-0.03221412547143113,0.03762134639829572,-0.009491065035721103,-0.04394944320561832,0.011305625507136745,-0.08961607947442286,-0.07204582954553303,-0.05786185963557905,-0.04732889812692827,-0.04437181236540488
16,-0.025953213664691117,-0.04964659510523319,-0.03596298268511188,0.03515190993718876,-0.0013270292421132994,-0.04497805586489875,0.009187191558838074,-0.09455868817829507,-0.07095612520506571,-0.057861309558039434,-0.052308570862157,-0.03960010394987284
17,-0.026040621969810045,-0.05104639395709603,-0.03568545191788153,0.03117702353158989,-0.0026684055232574274,-0.04182294574381824,0.00723575838046955,-0.0981473766004798,-0.07031883238176924,-0.05921539969291603,-0.05498660204056202,-0.03768655695727865
18,-0.02588289394783013,-0.04871050495560527,-0.03429264688914856,0.02866690877273157,-0.002875089893372122,-0.04052982389174119,0.006605319483750816,-0.09592633613851799,-0.06884775163062294,-0.06136296046946636,-0.05207920202571811,-0.03725394020208162
19,-0.025894291696109163,-0.046492449012500096,-0.032427355908913824,0.027426198607176815,-0.0009093126592001214,-0.03992881630990211,0.006277877332858554,-0.09125738032306091,-0.06564536098394229,-0.06276947180582396,-0.046089186849314165,-0.03754068183209775
20,-0.02656524093208778,-0.044041552684769815,-0.03222686561506911,0.025190015982601642,-0.003910906388778838,-0.03421919417210835,0.005991170925044469,-0.08843238265051565,-0.06345599385566333,-0.06428680899440743,-0.041344963902490234,-0.037165036832787456
21,-0.02631336444072794,-0.04383547780803774,-0.027649398996525833,0.023752736275874493,-0.008437456635041004,-0.03387153588415315,0.008974035032714735,-0.08731731677782575,-0.0627872650985143,-0.06679658945864629,-0.037943289086241797,-0.03345804460125177
22,-0.02556070279641757,-0.0427135716408289,-0.02572015696369824,0.028072661905076755,-0.011918169369209964,-0.03870435694569377,0.015150136567550394,-0.08433884338876196,-0.06481723780448156,-0.06548467434822201,-0.04093509324556824,-0.0346385513620393
23,-0.02337249210759295,-0.043223776774002236,-0.03279839458667841,0.02981209780352386,-0.007465447203516069,-0.04319931386135327,0.019856159241825096,-0.07853326255311242,-0.06296028814120343,-0.06706284091293108,-0.04171964460226597,-0.03981958732831311
24,-0.021264956122428375,-0.049811433216831506,-0.051441183230704284,0.03295217451847262,0.005069815564559989,-0.04614252098283063,0.022868037563476374,-0.060717825101762976,-0.059403902700513114,-0.07131518974402412,-0.04645156870745559,-0.043133407927976423
25,-0.024000365499924396,-0.06334506342172375,-0.05999904460196539,0.03543863283264379,0.01502500080748391,-0.05209612281784336,0.030673777100576057,-0.038974570755095084,-0.052897697085270756,-0.07608077040838795,-0.05755994726545287,-0.04821754794195194
26,-0.030493299082230425,-0.0751690681775905,-0.06492863193120924,0.04035565875838416,0.007031889464219391,-0.06325573464486263,0.038907068954206106,-0.020856571959928558,-0.04531658785738375,-0.07743236122052297,-0.0717438026657732,-0.06350892753313239
27,-0.03418653993498875,-0.08137202566470073,-0.07318082019140226,0.047753229919288355,0.004852832328088523,-0.07217146834387139,0.05704065448167053,-0.002907919740494722,-0.03256071807308014,-0.07484996495714327,-0.068890506225715,-0.07997415037696881
28,-0.029300912476606204,-0.08492528689996534,-0.06620876086920166,0.05023856396685337,0.006148852787998934,-0.07765809162390744,0.07533288975586515,0.025846267201138765,-0.007770485710760337,-0.06887389010000286,-0.06060665049399501,-0.08226077130372333
29,-0.020175661375148674,-0.07291441550169234,-0.05337046730538913,0.04269703215591288,0.008824584923912967,-0.061019876420882885,0.0849995632270914,0.05060736458260347,0.023969297495442535,-0.04454795366480317,-0.05177729005758158,-0.06839628241044154
30,-0.000692284838997137,-0.05713951663288421,-0.050485808822191634,0.02161356277628975,0.015059843789853918,-0.05139222218725778,0.08266533855421605,0.0714064895306294,0.06449541489123492,-0.0026458312878743576,-0.023752522852450136,-0.04781879978831243
31,0.016803443014682836,-0.03321480367889592,-0.05632088370819654,0.0030315555163032692,0.028436965012224986,-0.04810165889670105,0.07493043727997274,0.10090479576384417,0.10985403701580009,0.048928120215784125,0.030449614725454877,-0.027881143776170174
32,0.042204508801700874,-0.01640177402054748,-0.07109771206087338,-0.02329800410865666,0.04869085283079794,-0.04221249231114409,0.06540369790906111,0.1422048989209102,0.17040085058728136,0.12657856594856498,0.09095807675350374,0.012389464589289134
33,0.09265704925794355,0.008209235674929531,-0.08698579303898593,-0.048867028228651174,0.07533258626283668,-0.037480727108651954,0.05664705336735025,0.18796452592072102,0.23876331729744169,0.22495830264591551,0.17425774421991594,0.06301811188177679
34,0.15209201388694352,0.05755652569732852,-0.09663793206102446,-0.10158182841373695,0.11613348371214777,-0.015361890807570257,0.03299931298042183,0.2293587806931139,0.3108106181660047,0.348977379293151,0.2952497459501151,0.13385052142773998
35,0.22926960253230724,0.13766555187861843,-0.09830481801788651,-0.1781944907238439,0.1525167807082535,0.030956348371948876,-0.010007846634740395,0.2688216967559502,0.40647582128076376,0.4974557930628476,0.4638272556477534,0.23555512474068946
36,0.3301636925989324,0.23071865957363843,-0.09301712571363376,-0.27282095302571296,0.1949738588958801,0.0709587503444173,-0.05401203371161395,0.31770263905404006,0.53028163114622,0.6743356854144069,0.6432068201805223,0.3501459542602823
37,0.43977519558498107,0.32187634850281066,-0.1041212239205186,-0.3743051589827717,0.24917331313769275,0.11560000089818397,-0.06498094624344117,0.41989660729947365,0.6796180657442142,0.8626123224085334,0.8286585710267589,0.45896227557001174
38,0.5374578811972626,0.3983507069043862,-0.09380479372828104,-0.46581446706149704,0.3052941051771846,0.14337252771297732,-0.058995264609563905,0.5244656516715831,0.8239374867648419,1.0245167879700143,0.9826483992277237,0.5582781884861526
39,0.6163113166087554,0.48831071533763554,-0.08553170054554464,-0.5508855261678454,0.3338689973739285,0.1913150018324749,-0.06518769712449565,0.6133365045883402,0.9410855402554886,1.1610106522829555,1.1185779227324673,0.6679640881040676
40,0.6671328359538687,0.5736767412739872,-0.053013028730931895,-0.6199207057899263,0.3369779272696473,0.25903070381922955,-0.10457447584626284,0.6626137493196057,1.0025900303604183,1.3007443362326176,1.2538614165270772,0.765211372351372
41,0.6814841943635833,0.6565118137185721,-0.0028508601755095186,-0.6703316489210959,0.31938973486191424,0.33265547724715205,-0.16342661444377893,0.6071576580991476,0.9858281640162431,1.4107973982056805,1.389824844431971,0.8605211619655225
42,0.6658112358287456,0.7537082260138696,0.09333623431953919,-0.723083411316819,0.27550896820868076,0.425997506165924,-0.21962808961420224,0.4426968497861918,0.875961046204221,1.4201466891830934,1.469205392652613,0.9428054012957235
43,0.6022590445940121,0.8742037354966621,0.28066050104782453,-0.749438914124761,0.1583306648047834,0.5835813891688579,-0.3178030936823235,0.15128710460400419,0.693164878022438,1.381758682448612,1.5033088173033902,1.0081239188660829
44,0.5303466572854992,0.9742556781692809,0.4471898967034485,-0.7587022582944347,0.0286691462506136,0.7177894877964496,-0.42142957651250657,-0.17101206677730454,0.48776321243213544,1.3092079820522051,1.4973337798270732,1.0332710012106323
45,0.47259795274816485,0.987440889877907,0.5238758139272311,-0.7276925716346249,-0.03442206230960256,0.7636901211049996,-0.4960291559360502,-0.41034027831471703,0.26531625260594377,1.1830783445069226,1.3954970532881419,0.9994258372736287
46,0.4231824084544809,0.9091766286557225,0.4998090749548807,-0.6552068791433683,-0.05302956115284366,0.7056430959335593,-0.5167673992986219,-0.6204382938982953,0.03463633157267562,0.9202498422293915,1.1839914361602348,0.9183064764673413
47,0.3518832385267929,0.8122178374806558,0.48410783148968883,-0.5680774917146334,-0.08783055663433009,0.6554489060674741,-0.5129178810052264,-0.8462434877753373,-0.2759197252587812,0.5301409063518165,0.8664038618883606,0.788700029358433
48,0.24261657272277232,0.7737400791927231,0.5445051265653599,-0.4924668976868702,-0.1571011811754753,0.6612744873867403,-0.49023885686811813,-1.0236385285852714,-0.5874747372329611,0.11808529465696073,0.5078526133196715,0.6398457575800932
49,0.12272827219851654,0.7068980310661506,0.5801009271058201,-0.4123927976777121,-0.2563696075068156,0.6635594364174132,-0.4545241955518003,-1.1162746831411359,-0.8545738830063693,-0.2528693073228759,0.1762879142085463,0.5002144610776771
50,0.031357769365947856,0.6000364005959712,0.5842000821041501,-0.3156197425405681,-0.2650287363462531,0.5930261400829218,-0.42949015895837866,-1.1710058913760575,-1.0181259791825408,-0.5126886856146489,-0.05905451524978968,0.3687703774031642
51,0.006728605796415883,0.5006418962777845,0.5087833188318011,-0.250303601968589,-0.2530746034725313,0.5083664767008857,-0.42938461257564203,-1.1736848803115691,-1.0739787488077464,-0.5841300815126065,-0.16967312862575606,0.30207015760925326
52,0.00038420190405011323,0.4301350974635274,0.4445952912101123,-0.214096523505034,-0.2213352651353731,0.4406053424773995,-0.43603500477616747,-1.1270780243525282,-1.0750520395569143,-0.5785923065254875,-0.17009477280889312,0.27042550056573955
53,-0.01713660330435781,0.36543116445387336,0.4020077012688143,-0.1671199107284566,-0.20116599443740363,0.38644169493955666,-0.4122022117252014,-1.0693941148607105,-1.0495819803627058,-0.564305845420881,-0.18675116593015645,0.21213042382347216
54,-0.05335317099315814,0.2938553233035477,0.3636858795209494,-0.10353363734048177,-0.2085874842621033,0.33777964619797235,-0.38140978306107587,-1.0211682389836385,-1.0113936087357802,-0.5704183174964249,-0.21050457217742408,0.14563006762939146
55,-0.11548991813381032,0.2109305113547771,0.3279813262975426,-0.035887053679613035,-0.21663590511193204,0.2812918589763973,-0.343928221809172,-0.9676689452511963,-0.9778791676021429,-0.5711407281109568,-0.24662009096143628,0.07486415152053064
56,-0.15376604351987588,0.12529710397230195,0.2992026077415914,0.022579363930114275,-0.21382968276137415,0.21529036040623284,-0.29589854683346756,-0.8751108751220904,-0.9494706072190774,-0.5830684013394494,-0.30296743506655177,0.009232788017157136
57,-0.17093781548373807,0.058887664019503655,0.24978831680037256,0.054446848578804476,-0.21194802470461713,0.15580345906103887,-0.2552487945077113,-0.7755379383829468,-0.88259511673854,-0.5666687226330521,-0.3245205727113262,-0.07425035893050516
58,-0.1720563250524712,0.05055370271378693,0.22097328209829967,0.06951486458961073,-0.2044663152940882,0.1343633856787929,-0.23550962765794264,-0.7029537442407321,-0.79684683690121,-0.5495685256418416,-0.30955702821477976,-0.0903517935249179
59,-0.16862873664360684,0.05043777035856757,0.21227486897652575,0.0688575105502939,-0.19847652084843756,0.13150382732323676,-0.23488395080831714,-0.616635230248769,-0.7121050447253474,-0.4941468863263241,-0.3003921418247157,-0.08785901991732897
60,-0.1549106358856615,0.042992534623705704,0.20851627749816165,0.06766530657375391,-0.18727258708739022,0.12861717915063087,-0.2180672916428428,-0.5279791623880052,-0.6180526990539943,-0.4306540027825385,-0.2786014746906388,-0.07200536568366256
61,-0.1421096260993093,0.03556806791230707,0.17690623106818365,0.06263827123689247,-0.16270646612365103,0.10888741785674136,-0.1787966424274579,-0.42913733835483775,-0.5012941704516316,-0.36603436657972444,-0.24993871456839062,-0.05716196075115793
62,-0.130568046191451,0.014027471816113295,0.13687393262441,0.06390216493382983,-0.13086828548467222,0.08187878846822602,-0.12016273902537941,-0.3230758877950568,-0.38617512457408026,-0.300335065968931,-0.2106537052751402,-0.056004486923563336
63,-0.11168264647738194,-0.0071647605431846215,0.10097203491536934,0.05850765879945952,-0.09781281284409338,0.05064829400931793,-0.071758725895649,-0.2393706565155435,-0.28185023387021546,-0.23544098696589105,-0.17102953033416907,-0.062121774382680815
64,-0.07957885963206984,-0.013438973367245276,0.05240397072525385,0.05388948564657787,-0.06902185827260057,0.019368836703695495,-0.027233800817250894,-0.17125310691482393,-0.19855345281488537,-0.17875798137788246,-0.1314305842829217,-0.05632943139749864
65,-0.05750242291085334,-0.007611540436582055,0.02687218757319478,0.033907819544922134,-0.03770657487644198,0.016232773688920513,0.008981128113398979,-0.11113721959928806,-0.14456720172932117,-0.1282405273607951,-0.09637822007144241,-0.04495117108250079
66,-0.02931144372310026,0.0022522796521645544,0.009566571108054249,0.012837660047735816,-0.02140027228537225,0.009065522435499324,0.025868023388051938,-0.06980621959974977,-0.11518883479356107,-0.08934285056128685,-0.06278872285722024,-0.032745513053316154
67,-0.004060929976978038,0.007532088966353358,0.0003277028946930046,0.003770918183934935,-0.009242543075470143,0.006805883142191924,0.024902551410787215,-0.05951172433189917,-0.0942673343234796,-0.06582738198739092,-0.04367667925083586,-0.027238031085257054
68,0.006706986953443232,0.004079054150700312,-0.0037551886228260074,-0.0018567880959518002,-0.0008717931567188957,0.0030908548721455334,0.012103823636773186,-0.04538637906472535,-0.08448149161840934,-0.05503253440917752,-0.0377387043222084,-0.023758585923146176
69,-0.006673102971393417,-0.006492580903341476,-0.00606108232404568,0.007629503594184649,-0.0013784294544665013,-0.0017832865992704339,0.025216810543264783,-0.027485990427892765,-0.06898715426327563,-0.05818783380063047,-0.03707843709588149,-0.024734651816426985
70,-0.024870177405813258,-0.02044017762104435,-0.011121212280512346,0.020159956987582515,-0.004311570854913056,-0.01137185906301285,0.04246559179533392,-0.009202570580228032,-0.058467031528142435,-0.06435905597767921,-0.03918511024127483,-0.03145147122881676
71,-0.03202468675201179,-0.03509837910613486,-0.017844372104602935,0.03149359925920162,-0.013022581980847905,-0.022971695232213124,0.059870533209410076,0.013279516275474997,-0.046383530180899565,-0.07334095029985688,-0.050301925423587274,-0.04150717851167212
72,-0.034857440622473305,-0.04448814783455645,-0.010761146590693866,0.03604872253178588,-0.022398603792050983,-0.029875361465279304,0.0763309979020283,0.028969208707333605,-0.033590610587131614,-0.07226316192238522,-0.06383836833656605,-0.0456770504048034
73,-0.03323445149360497,-0.04535553250713515,-0.008213800439865871,0.04340287358243392,-0.019270666736589302,-0.0280519774822464,0.08823190343777886,0.03661909738542889,-0.027271568879199643,-0.07040943288748966,-0.05527127212076233,-0.04617659104782385
74,-0.026860482959328226,-0.043238906426562786,-0.014204356884864421,0.04280988430165044,-0.01389384170207288,-0.03151433364995,0.08890449791789912,0.041110414724803326,-0.020917604049113147,-0.06269472483533461,-0.05344765317626145,-0.04711370550233968
75,-0.014349772298219356,-0.04172059257868083,-0.02501180540158085,0.03123086555908485,-0.007535466876516085,-0.033435477900865984,0.07874627211915133,0.03480335066418917,-0.01291860680809542,-0.04995953726378806,-0.0506009465121723,-0.048576281480454626
76,-0.004270188278302382,-0.03876613180243282,-0.02898903881224893,0.02375503732379009,-0.0030038194322875664,-0.03417589986679495,0.06082075910421031,0.02960694636971581,-0.009075080375619448,-0.03844444710247867,-0.046009001632574265,-0.04636712362426137
77,-0.00010108433828189684,-0.034583887352481295,-0.023971474776276293,0.020307918491045567,-0.003355025252324834,-0.03387560351719421,0.046028682785371325,0.03138100552758716,-0.009364668709856104,-0.03526727578850612,-0.041067344323719474,-0.039803883028504315
78,-0.00381310909892274,-0.03451622200160628,-0.018673273616892375,0.021542556513152726,-0.008878703846360914,-0.030774335925325455,0.044868648024062804,0.029906237208470278,-0.011129890128385955,-0.03174886029422702,-0.037883986717451246,-0.03291981743714772
79,-0.01357270548015621,-0.03866314952174326,-0.01818660273054721,0.025976208354725493,-0.014848056219352465,-0.032506430102504494,0.045530047655431574,0.029587343389655463,-0.011689680391036818,-0.03689535369177094,-0.03631257571776439,-0.031655954289799525
80,-0.023239325088172898,-0.035974131630347246,-0.020333455896614276,0.02886883094116794,-0.015117436034164697,-0.03599608966641733,0.04816562440254864,0.031020071895553752,-0.01240136295681011,-0.04517659600121947,-0.033632908782237,-0.03162783952599033
81,-0.028177159034991302,-0.03246705306565396,-0.022859368242179164,0.027269913043293424,-0.01331776044781367,-0.036144849446542615,0.056785210443698816,0.03631212430988263,-0.007875893919408735,-0.04818698356298065,-0.0307557767146983,-0.028584153302480438
82,-0.02805379063457488,-0.03176205228004187,-0.02557810918114116,0.02737379810450751,-0.010332864615180608,-0.03565587884240411,0.061861574193687055,0.04405043078945886,-0.0025715668588566463,-0.04498525826534128,-0.03046952937149784,-0.028479823221075472
83,-0.025081691107852654,-0.03561354627225876,-0.027986757306332995,0.02573994009281195,-0.007777862499487169,-0.03695353704539424,0.06588702275031298,0.04947749777194331,0.002710031569230829,-0.04049865001881808,-0.030427994443366205,-0.028433317000786752
84,-0.020748956290977012,-0.04054443283599044,-0.029094184694444074,0.021943060994748693,-0.006854153704308336,-0.040873900533305724,0.07034969216071447,0.05064288598389367,0.003907068844993455,-0.034581860050486746,-0.02736219244723255,-0.029857841875873002
85,-0.01596099326976897,-0.04187380737302198,-0.029074545628901632,0.020479194136604546,-0.006902661335509937,-0.040892949566193576,0.07225582426740233,0.04970667756056918,0.008824000287228548,-0.031068954076079888,-0.02318712497017221,-0.03231530284906609
86,-0.01491334200648669,-0.04067958118311291,-0.02911937862075257,0.02540089507713538,-0.006124812250710819,-0.04018234996917097,0.0697433932439327,0.049529577454810764,0.012111518362743143,-0.028204039081032223,-0.020465768752920874,-0.03379244081742209
87,-0.01246109412841015,-0.038218647336804475,-0.029093987219198286,0.028430963364088895,-0.004923971328522077,-0.03894342194465078,0.0649950129618626,0.051396055022090326,0.012416340961984483,-0.024860877367825537,-0.01838664402493878,-0.033804243250956136
88,-0.00894541200624252,-0.03896301191063938,-0.02760904483026813,0.02681670661952499,-0.005678942496300236,-0.03747097952903369,0.06132146413143434,0.05352738919777893,0.015079756864333105,-0.023683667754220677,-0.017355488155659335,-0.03352400414905753
89,-0.006503820022184213,-0.04389315786908853,-0.025207956219748702,0.022892302814338218,-0.008111993362473086,-0.0363023974794274,0.06141364061453569,0.0534686715849708,0.016465302272457065,-0.02384319292860064,-0.01977248016345566,-0.035659976981677326
90,-0.005171127882683445,-0.0477906318743788,-0.024027268028494614,0.023686828497679606,-0.009438418826118695,-0.03585779065619185,0.06704541726058695,0.05257715002717929,0.017641457358618034,-0.02401461778166468,-0.021575811328849726,-0.03386715199239878
91,-0.005104838404797626,-0.04742069819746566,-0.023710937510996642,0.0233894069388526,-0.009576402223318407,-0.035521278277144616,0.06993945808020792,0.053323302396625694,0.021716585751008315,-0.023952511616745872,-0.021556569509390472,-0.03392259887620564
92,-0.0073582573216731395,-0.04383420535457295,-0.0224086175163326,0.023906337358226525,-0.010849287832415379,-0.03484068389424544,0.07559957062079842,0.05489268168139365,0.02322468914495783,-0.02405955866220047,-0.021349169912281224,-0.03565380133744409
93,-0.014949862528332837,-0.042121163797438764,-0.02147470305001247,0.026230088699420916,-0.012690816888185553,-0.03528134125053549,0.07904278114059564,0.054950183255866994,0.027009857527555824,-0.020671563705132442,-0.021677543793663365,-0.03567535120085533
94,-0.018027699380155936,-0.041763333030777124,-0.022951058827137334,0.028527668881861402,-0.012437230182589958,-0.03724228821062725,0.07886052022595152,0.054198604087813795,0.027060388651594568,-0.01698373457249064,-0.02039802527813349,-0.036286998034071684
95,-0.016538447750244073,-0.03639652835080528,-0.024042682915850558,0.02764360474980008,-0.011170290425914758,-0.03761278458702179,0.07542095884391743,0.05555278823807108,0.025381646556691957,-0.014539716860869162,-0.017264300364614765,-0.03624502487647808
96,-0.014342870031736302,-0.032978894106820054,-0.02152100695933621,0.023618963776776365,-0.012471804794619502,-0.03513178502095507,0.07064472094457394,0.06054065452184555,0.026167627330167764,-0.010845895299670588,-0.009308531575317289,-0.033226103407030506
97,-0.012864296338208271,-0.036653028957893734,-0.018083155139295384,0.020472937689263428,-0.014822637396569912,-0.03341270459852064,0.0709856355651645,0.06688558381500397,0.028264857397294944,-0.005967794284407801,-0.005752204619985976,-0.02865501764956132
98,-0.012309506459817349,-0.039963209808514415,-0.016944213204093395,0.02028633581496652,-0.014289161202527285,-0.03406308543137998,0.06798484429310375,0.07153886882570523,0.03055123728267098,-0.0026480350293204835,-0.005290440940905847,-0.026331337907743134
99,-0.01257689146528361,-0.040307365211541414,-0.016983975024177145,0.020637084728894688,-0.014395002703478061,-0.034260942089450075,0.06866843393873256,0.07367171109060418,0.03200716493827525,-0.002585572388071465,-0.0038306141934297405,-0.024896097027178828
100,-0.010927427742424348,-0.04078647347830062,-0.018033357460216108,0.019729800144032535,-0.012670562070957018,-0.03356550483216052,0.07147229458590768,0.07171289219285787,0.033960863206321704,-0.005926954245127972,0.001423424678499513,-0.024981802714279973
101,-0.00591205568011996,-0.043780912332553996,-0.021136309425021628,0.01875829704475159,-0.008597532210659394,-0.03417982229083234,0.07369360653764566,0.06689181207492674,0.039804493107782994,-0.0095050184847017,0.006237572757730368,-0.025034627191859345
102,-0.002968517097684656,-0.04670641576256498,-0.02392455958681819,0.018732866184280376,-0.005653352928205697,-0.03557383775631272,0.07087017124542144,0.06862222676826292,0.04234718204475539,-0.009319889319691362,0.003787463420445558,-0.021176738617631786
103,-0.0032476040613036786,-0.04734924710932898,-0.024254729264369626,0.019229925273896546,-0.005613663634587776,-0.03606288031366578,0.07111088633113596,0.07007692714160627,0.04105220104020625,-0.009021530179254382,0.0018451829316085827,-0.02014659985416744
104,-0.00519881062789717,-0.045421225376016734,-0.023603934302820567,0.019172418864057884,-0.006300647837073684,-0.03573738302257723,0.07157409242465518,0.07002575467287848,0.03946456701438344,-0.007369972040775823,0.001491697163301428,-0.015738385345196663
105,-0.0064924751608090026,-0.03897555415251191,-0.023518647186176356,0.017704928329121634,-0.005589614701914556,-0.03493274586772077,0.07123726285606524,0.06978487134410317,0.03820868064555419,-0.0024878547343754887,0.0027091144311668786,-0.014141536059256145
106,-0.005076699971189598,-0.03368127783262365,-0.023894317103138323,0.015721033814207058,-0.0036558900409944892,-0.03390051020932795,0.07285298183461293,0.06962564877255507,0.03791427101082037,0.0011212137973699576,0.006550090404203783,-0.013067269826784626
107,-5.3034585534933454e-05,-0.032195991372727266,-0.02388520976073836,0.014291787936056857,-0.0029073853834727364,-0.0331721287903904,0.0731177595303626,0.0696330090088436,0.03849073889014731,0.0071312351928537465,0.013509471285749267,-0.01163655576076287
108,0.0004992424920430283,-0.03284905701346499,-0.022509525696223665,0.012185214461347765,-0.005825695830081419,-0.032484257580950374,0.07239053024331607,0.06957608980695412,0.041006421208737695,0.007654931331720322,0.018608411085049667,-0.011384777071433157
109,-0.0022144312848259087,-0.02977705226376246,-0.01998985696288784,0.008812129914594256,-0.01086827960758182,-0.03134116594166826,0.07090490051584199,0.06953104411538155,0.0432649655653666,0.006092653885299219,0.01885185021719985,-0.014996138219746241
110,-0.003649496374728216,-0.023124342782601108,-0.017924855413745847,0.006367120235584549,-0.013039928900623103,-0.030305681808573015,0.0691397013648087,0.0695323719678748,0.043888273167286974,0.005875293151674434,0.016509437735347,-0.01645643600284559
111,-0.003572355803541552,-0.02317361374163126,-0.018194456265225624,0.006478876903866129,-0.012887091777980596,-0.027735612738053722,0.06765473095216454,0.06948697245374437,0.046062324930510365,0.005587662354883623,0.011667737319429002,-0.016737437377611124
112,-0.00332579443467914,-0.02171101525712684,-0.021376600465110605,0.008286644158864216,-0.00973415670983755,-0.023063155737225935,0.06470449871025546,0.06948777956507847,0.04871002095053657,0.005364398477838123,0.007820134266630495,-0.016434334727754595
113,-0.0033126249008474384,-0.018981923870812344,-0.024774277490052093,0.010027139055812553,-0.005609753954135065,-0.017987898147012092,0.06009130476481053,0.06961840520345698,0.05092756313421162,0.008744114864548708,0.008205735007719588,-0.017724984281778128
114,-0.0030015524228340362,-0.02070592280443328,-0.025236608976852613,0.010751977158788714,-0.0037874710560171186,-0.014398266880562068,0.060122361183788664,0.07073495010910841,0.052462516343990975,0.01246691561929223,0.010909532774006102,-0.019137299739362464
115,-0.0029822833648704555,-0.02143737883855166,-0.02375500131692901,0.010049539644129357,-0.0045423631305709835,-0.01316700637269888,0.060096947681547636,0.07041805440013679,0.05259038790594853,0.014613506774316505,0.012574983292249466,-0.015248657729295359
116,-0.004708251149772982,-0.021523387769699816,-0.022805065785461646,0.007079338076034676,-0.0061666811923063326,-0.012534395080028751,0.05786329158192817,0.07292329744328806,0.052627156562418995,0.018249371447837975,0.012554051593727703,-0.010913551597354354
117,-0.001859718068874562,-0.023487181529299593,-0.02306925287711463,0.0023406003505567277,-0.007239306051112154,-0.011484133139826866,0.05779182812551041,0.07584326791761029,0.052070261351297026,0.0208166358683212,0.012195675370942419,-0.004633089461387893
118,0.004588859539038426,-0.023711315235421075,-0.024915560881911075,0.0016439351415572928,-0.006379547203986379,-0.01135602403131751,0.056190370640736884,0.07792213610506307,0.05326728644309535,0.022259768675306837,0.011954545262231282,-0.001212945523547955
119,0.00704974851285485,-0.020899576445387306,-0.0273277865248822,0.0005285367161115967,-0.004084154813904537,-0.012801313586444076,0.05395865454063675,0.07909070681409819,0.05729596316205747,0.02597369690612258,0.012004808139625352,-0.005335979467870594
120,0.004741207100556616,-0.01455643722349282,-0.027294208159541415,-0.00047905333583322246,-0.002716723074276225,-0.014022244838708564,0.05248604736297395,0.08095971825818432,0.06120810587147757,0.02985677310098357,0.013157278942621316,-0.004925049728782549
121,-5.396994850862674e-05,-0.007202996104181146,-0.02460500864093782,0.0005652786417114988,-0.0022392561913266735,-0.01258712794615783,0.05468055682486096,0.0831610768425677,0.062166811608297914,0.030659788490712655,0.015575379744187365,-0.004819705820163528
122,-0.0030632648683086225,-0.0032938904286224854,-0.022855478197982323,0.00012903545994395055,-0.00032293086262966293,-0.008215904997800408,0.05787371710445381,0.0825841674542307,0.06189375593164288,0.03083807410104095,0.01847809056360191,-0.007864591523926233
123,-0.0033350327474750557,-0.005321484722149397,-0.02399455839279907,-0.0016468759197952737,0.0027657732190494227,-0.0041568790921177046,0.060302181774421024,0.08025615211091999,0.06245578720094146,0.030985487002804186,0.020902038810591612,-0.008221459879120104
124,-0.0010052449643173159,-0.010483759591752136,-0.02652236253534094,-0.0026578583343475487,0.004333180721401136,-0.004117122426647572,0.0597460693536217,0.08136090806978599,0.0644813991894137,0.031143931989221618,0.022041765893182977,-0.007591914313103708
125,0.0054120167165502,-0.013574606383018752,-0.029476469478409963,-0.00324585884635447,0.004701207695044446,-0.007597497039156069,0.059794672045885774,0.08593888867310609,0.06775196638791982,0.030672784743944595,0.022025516438260305,-0.0061976097184996
126,0.011415504157645182,-0.013456391815072015,-0.0330489075752115,-0.004259749616105597,0.006431591256910694,-0.010870676046648292,0.06037461088542882,0.08956035096464006,0.07193201451946671,0.03193096032865701,0.02189226330782313,-0.004231537879474577
127,0.012598505438531232,-0.012816913816936677,-0.03390134674645144,-0.004841703695932606,0.007310094995157185,-0.01138875002386324,0.0605459479483801,0.09108029341557965,0.07432490773844835,0.03730155019542307,0.02187014368654224,-0.002773058413507244
128,0.00894303104515301,-0.012756801858397303,-0.027812483898252645,-0.004734956112447855,0.0030248681618255217,-0.009481094164934777,0.05909482059829747,0.09112304384123616,0.07620406313696841,0.04370508839932527,0.021317317257430114,-0.0013669865773262777
129,0.005306140305212287,-0.013181803935682267,-0.019248971060492982,-0.005345952125539261,-0.0030726008839279464,-0.007588327092292832,0.059809793052694,0.0898471270112315,0.07865492069394937,0.04289920813743431,0.024129606853953336,0.0004299247069166068
130,0.007321873890543749,-0.013472422297183519,-0.016989378398647594,-0.007112542094991715,-0.004077239121426645,-0.008740704157797798,0.057931018460767925,0.08997842600920646,0.08152936736962832,0.04751730748780045,0.028792222024380337,0.001870631068031245
131,0.011065399036961868,-0.011819057672952889,-0.020982645994170157,-0.008800462840447144,-0.0002331193150950173,-0.011127496149121625,0.057598536077853854,0.09364105868918504,0.08382112102417348,0.0494964167331631,0.028866363498762163,0.003323125782366529
132,0.01445599135991145,-0.00786068291513254,-0.025098941634992114,-0.01031921028932184,0.004297536542470151,-0.01240029274524554,0.059712645677743884,0.09776468821057796,0.08214533369986335,0.052135772001142736,0.03164700285391943,0.00529474883997838
133,0.02023129373608523,-0.004818651851187995,-0.02687427548208509,-0.01270473052001813,0.008048547166746913,-0.01375333263589127,0.05704336909394089,0.09904558783317122,0.08517914106439996,0.054167637886324435,0.03313711040514806,0.006746506937538567
134,0.02583180425211498,-0.0030032107460046253,-0.027558274431491878,-0.015291610357659361,0.010880364017630074,-0.014108588010131116,0.054184406292889675,0.09897787540870902,0.09115263723252606,0.05713958040091522,0.035614097274293044,0.00732222749526603
135,0.028835194673253645,0.0012746353348649028,-0.029293090171996272,-0.01736498237892733,0.013224873560338846,-0.014367256786456978,0.052668049862973146,0.09990871409876664,0.09791853639145108,0.06069762666110463,0.03932412597141352,0.009117703976514534
136,0.027746355407514633,0.008643606013673553,-0.03260425993200061,-0.020512379394580116,0.015712452248535666,-0.013624425930355386,0.050462848526965795,0.1010673094260959,0.10570877676439712,0.06584620089505586,0.04002851824170606,0.014941156870964655
137,0.0293202031721337,0.016109750609964633,-0.03524956585057948,-0.02519488255302075,0.01760443911837784,-0.01082096849875424,0.04894582103905884,0.10130985028943001,0.10589017443559066,0.0731428419360253,0.04052361558526313,0.019276396172387907
138,0.0294445359677744,0.018794325077992766,-0.03612087047359004,-0.02920602480335479,0.01869102542073006,-0.008169382385952696,0.0493299687084134,0.10177392690241263,0.10623740983927038,0.07868655240725875,0.04724799301531872,0.023213893899071997
139,0.031655731235090134,0.0174384611722578,-0.035613640979160095,-0.03161768916676482,0.01952316129884407,-0.006576958765759679,0.04898393049951934,0.10445608539261513,0.109380833605373,0.08426909711521063,0.056120549392980154,0.02471174284206627
140,0.03540648580297906,0.01823451735674602,-0.0324447608070648,-0.03380174290510866,0.01929309893914244,-0.0027488447796940596,0.0487428798539781,0.10970053213817156,0.11670355935916668,0.09018248354019831,0.0648645155260525,0.022830028752231477
141,0.037805210147164564,0.01735224088030348,-0.027472127487231636,-0.036420588478236114,0.018099804628173732,0.0035163472155887374,0.04855955012825923,0.11551053721647096,0.11738119618187083,0.09685889992033771,0.07134967685635223,0.01985767211793936
142,0.043258030872226086,0.01584639796430084,-0.0253601964203286,-0.038423415525706925,0.01805097058101978,0.007347518700572701,0.04289223546013517,0.12040411990891674,0.11994170018384345,0.10433837482065308,0.07631709835050798,0.02265566351207281
143,0.045125735589054694,0.016586351708010753,-0.0262484204241539,-0.03977807801408382,0.019402805629503687,0.0073607540570500354,0.04044538188799551,0.12412402045403799,0.12463229893712162,0.10861111168629825,0.08018147910091375,0.026296538926659736
144,0.045861568901816724,0.017974369436825503,-0.02509948326044969,-0.0433600571273886,0.02091560414048874,0.007543042937278584,0.03956831234016327,0.1246447999390239,0.12837851355146135,0.11142435894007847,0.08090818183326151,0.029825478668279344
145,0.0489267966278549,0.019478996986233545,-0.02195488356359234,-0.05034712781049192,0.02328971860468074,0.009806022485501116,0.03777820254075444,0.12098582536549467,0.13237927749820497,0.11682412455713082,0.08319904912183462,0.03766389296473886
146,0.053480430121336436,0.02414063919113095,-0.02123210039873963,-0.052006443100382264,0.026579704369530832,0.011902766374749948,0.03237300126195666,0.11729087391998087,0.13906204462985186,0.12661298373067292,0.08709619235643118,0.04424790555981677
147,0.055839760192644736,0.025353704853637193,-0.0223245983631863,-0.05472252313368754,0.02827873516523051,0.011728712005988528,0.026239343174407268,0.11844731022854481,0.14767856729621506,0.1365364133553877,0.09840371077027406,0.04760367205674222
148,0.05707213222177039,0.035247649168613004,-0.022196750313116513,-0.05961351010245546,0.028517939489206105,0.0095316537546212,0.02116121939285061,0.12461251020685833,0.15499274241899144,0.14325490848388,0.10184883176445757,0.04788975780116435
149,0.06193021123035743,0.048234495373820706,-0.02335303319267376,-0.0656028946773462,0.03149775776628478,0.007063515273836626,0.01782250547749305,0.1310636731766018,0.15886215589783673,0.1490452611830831,0.10797878274374448,0.048917261595368945
150,0.0702723885396373,0.05237313940431644,-0.029389206557342777,-0.07296104367796989,0.0384847485433739,0.0074807107294117756,0.015184399394888224,0.13299690436036052,0.16115238503197746,0.15546584467374625,0.11437021824004209,0.054433882760696765
151,0.07566822268623666,0.056635680162395695,-0.03570520955659918,-0.07779745792386768,0.044248598457571356,0.011892961030280244,0.01178152973327561,0.13246604953599844,0.1660455660007834,0.16167672146960999,0.12387999718735254,0.06185854368991532
152,0.07617748638635666,0.06092823055792956,-0.03446744265856218,-0.0819213134741377,0.044075407563859165,0.01453654915280386,0.009281253249540464,0.13615604502908987,0.17281329072297147,0.16927675037350487,0.13536872032124703,0.0655521218420825
153,0.07972901824988099,0.06724020048368216,-0.027129489708356047,-0.08739611290525409,0.040706071587290255,0.022384825694807542,0.00342934080888899,0.14469603312317644,0.1778139250072673,0.17981832029128061,0.14504181286898465,0.06641427471529535
154,0.08085408888340684,0.07632437519010862,-0.020987742859097,-0.09082006775719036,0.03934188823858088,0.030426178376931068,-0.0015429792254359198,0.15221490709601782,0.18269534065047838,0.18875161256555703,0.15317707398016267,0.07052738043798623
155,0.08559977943323491,0.08578240473378164,-0.017006165200830828,-0.09720810788973416,0.03995675863628711,0.036780042914661026,-0.006376090927015049,0.15518623356395606,0.18664478310756363,0.19789466327040348,0.16286827744354673,0.07955001805201459
156,0.0913187476198021,0.09500675275447855,-0.0125111817635936,-0.10100150565800359,0.04022440452510158,0.04076674159065056,-0.010134313917909216,0.15381974111313015,0.19280723800109964,0.20247838259498274,0.17192314585856364,0.08954090069992973
157,0.09977675896551991,0.09897165979936609,-0.009171822158963892,-0.10445055614688421,0.04095009030222112,0.041674499296087186,-0.011695183230900375,0.14981551382168543,0.20148563713531237,0.2039633827975524,0.1779018679261302,0.09820636732722579
158,0.10559951475824902,0.10653962947274573,-0.008260375952375007,-0.10869660819345917,0.04318152914615715,0.043221677445834925,-0.01951458385151424,0.14707175726008534,0.20363458369434834,0.21497616988604643,0.18257861688996585,0.10284230422509028
159,0.11053909424509742,0.10856967626621314,-0.005538933735544782,-0.11501502151493659,0.04424810574458291,0.048362242042954945,-0.024403053043080318,0.14830364699041704,0.21132059189035204,0.22644699674738641,0.19348618260863581,0.1082248399358253
160,0.11536790518342813,0.11081804381573868,0.0014491006503750438,-0.12212380375471107,0.04175100453106381,0.05354618571929516,-0.028433673492713838,0.15130949521629095,0.21744698843379784,0.23635951528803573,0.20404985571894352,0.11251754342953443
161,0.12235111624990702,0.11970299038829393,0.008927821486663367,-0.12826383082079923,0.038656098688856555,0.06103839230151418,-0.0346540401594541,0.15276294385932115,0.22295756042812262,0.24831306456239552,0.21428130057479083,0.11996247960712153
162,0.1294165001624272,0.1314054274038072,0.014853526104755092,-0.13471588714484486,0.039115081479633176,0.06781544762130168,-0.04220454008628449,0.1526579703164436,0.22454314251548652,0.2562770819400757,0.2258836866444986,0.12592205892700312
163,0.13410382637073093,0.14231927779663678,0.02113941553159776,-0.14259219261407732,0.03862529456710357,0.07641554954940524,-0.048954992703610686,0.1526516645155264,0.2261704103637125,0.2593230842822458,0.2351797246593057,0.13054699565508937
164,0.1397777062095287,0.1531902848548868,0.025807871482503783,-0.14931279600116648,0.03923334113833472,0.08439101003247892,-0.05525032701091874,0.15255808591147033,0.2297774406856332,0.2640036708678616,0.237656288538241,0.1361697966868056
165,0.14469273268121174,0.1600157835153855,0.02488935766482371,-0.15300660668727975,0.045255535480163575,0.08767864724262132,-0.06142863030011525,0.151162039863154,0.23376660270953822,0.2692215473536784,0.24302211310698657,0.14109169245253125
166,0.148843138386327,0.15900181553663675,0.02020568978329758,-0.15603199802845627,0.05010753584206704,0.08801560448616955,-0.07011142611834828,0.1491939566775861,0.23386826685321369,0.27413557331792593,0.25171564465451346,0.14842133998047097
167,0.15399231739369515,0.15529729545560086,0.015018859734331931,-0.161199474858385,0.05590707236869414,0.08805689218286089,-0.07786813108375361,0.14766899717913315,0.2311796928451064,0.27894471609125726,0.2601876770062723,0.1532829763073678
168,0.16213106622871412,0.1606412180988566,0.009499052976688625,-0.16853583190556795,0.06305186310120958,0.0892587885695593,-0.08409129389727413,0.14528016502381333,0.22976851590092368,0.28374786811433467,0.26722892073787846,0.1576446491844516
169,0.16381222859894554,0.1721617660049872,0.006448565470746396,-0.17609670336237354,0.06698032030343579,0.0963554814544021,-0.08941417497144641,0.1409884901681551,0.22932798949893593,0.28850450966942476,0.27389472740444226,0.16319729712749878
170,0.1635201825153158,0.18256837294926184,0.009800598043643288,-0.18163426711699376,0.06567025289297854,0.10338980388425585,-0.09555808646567213,0.13538263498802097,0.2300213469551417,0.293605396336086,0.28062680269544,0.16314024539342967
171,0.164383465349607,0.1890891353871073,0.016807958023742013,-0.18475154169693486,0.06191948502136721,0.11003744581611324,-0.09878238249614382,0.12893106773050442,0.2305319220865378,0.29901000667112143,0.28613269821517556,0.1689649808676003
172,0.1668227515649973,0.190830189019074,0.02177203884670093,-0.1861756193910609,0.05991711315210878,0.11305971180542275,-0.10116022182847355,0.12299331416910282,0.2279166067355619,0.2994543048523294,0.286635768375163,0.1751943056207061
173,0.1697410710440202,0.19296891239240857,0.022620739909809957,-0.1866406961299318,0.06075471456271441,0.11276094901602107,-0.10600631488606406,0.11933856184531942,0.22168478696473318,0.2967304367656276,0.2812021171578776,0.18031487975387703
174,0.1721223172086238,0.19631852332096023,0.019948336375955635,-0.18718427857057598,0.06356935626326723,0.1108741099077168,-0.11212463679891589,0.11683364790461169,0.21720169107419438,0.2956411355191924,0.2799253210536236,0.18507960420201955
175,0.17389189570207844,0.19744347362199,0.017357563691678603,-0.1882823624896896,0.0660688516927605,0.10948966204390466,-0.11629950732466175,0.11346497772015247,0.21359684683562058,0.29599932398473444,0.2796411542050051,0.18759877853311402
176,0.17317271227348643,0.1972954797288231,0.02013721127108659,-0.189610910000276,0.06518876471440649,0.11008145218456827,-0.11864631783698673,0.11000340806639214,0.21503599139637997,0.2933276370381117,0.27849323629051237,0.18721207150439104
177,0.17293878876962052,0.1990455342118594,0.027521459856971797,-0.1908255987192602,0.06148700774387357,0.11364797426114899,-0.1206603892775576,0.10725920072382653,0.210494134407387,0.28699585841272646,0.2802778533545626,0.19083467077352087
178,0.17288562677293176,0.20241799462484641,0.03331285051080856,-0.1919847890622383,0.058788942400267795,0.11837974837914937,-0.12226582567055042,0.10373950520162574,0.20665819954034137,0.28210571343315666,0.27978515624075817,0.1976154433975199
179,0.1726511575738324,0.2048503397161111,0.035764860047473715,-0.1931730993127107,0.057553178747763514,0.12082199903164278,-0.124980661211521,0.09896999548165235,0.2052155593501625,0.2806659767641041,0.2794089740469469,0.2047076038024446
180,0.17177349077883552,0.20598208686680722,0.038059642044856415,-0.1943995319168944,0.054787595026750444,0.12149858830670374,-0.13165344314826632,0.09425875273506118,0.19781809833805303,0.2787068459826997,0.2811519684699577,0.20774364371411488
181,0.16698704730902447,0.20878806419777593,0.040517548581060506,-0.19559085149797845,0.05110888447835926,0.12150673756261868,-0.1402168479006882,0.08914473940714468,0.19859547814520895,0.275462678470935,0.2836414110111023,0.20986217219028883
182,0.16571060326124665,0.21226627222117708,0.040412569998098426,-0.1966219469932361,0.050570881794144845,0.12081126700396115,-0.14515563090339909,0.08205182013023214,0.19765520244238627,0.2747284199268626,0.2836382841001921,0.20552054226895966
183,0.16816659505268097,0.21259141338022014,0.03799019164924793,-0.19781326998413212,0.05299243626821063,0.11959925395475114,-0.14465878267984258,0.0734006625691232,0.19133722789614377,0.27248824934186866,0.2811256442846037,0.19996606666364203
184,0.16935524716082795,0.21261599163760941,0.03641964367812279,-0.19974619446549374,0.05400456873709813,0.11825556446695105,-0.1408459470655009,0.06476039425768639,0.18337538158688343,0.26775287924342506,0.279186152725588,0.20100694925236784
185,0.17056956932539843,0.21083661981051297,0.03643114505209518,-0.19702268599645836,0.052772219008122546,0.11733668330669933,-0.13716172169342428,0.05820519712900392,0.1759405290068433,0.2689923490392765,0.27657129552804216,0.20582910873179
186,0.17520594367155365,0.20842122944008587,0.036150337964755516,-0.19445443840677806,0.05223189077018058,0.11924863302013937,-0.13678142700861418,0.05523370230934979,0.17368316910167722,0.2675702972637226,0.27028251067647496,0.20618652962961082
187,0.1799189455498057,0.20766549744386598,0.03622520438458714,-0.1944113702016783,0.05215915080875942,0.12086682233362435,-0.13967058610418062,0.05255982975199479,0.1719639362193346,0.2624645223607599,0.2689354210102635,0.2063472419258503
188,0.17523530861106884,0.20753726319889962,0.03938771054410781,-0.19258494250947483,0.050526990192779224,0.12802205568284508,-0.14289825313447205,0.045466728626908745,0.16897341471929328,0.2540490961802342,0.2680599513117382,0.204173634287358
189,0.1706975918986982,0.2060513112852979,0.04399746538698655,-0.18778206919665197,0.04480574232475802,0.13044026513412738,-0.14404812921586346,0.04024242350043216,0.16462535117074306,0.24436128004972485,0.26139020305689764,0.20004264337771108
190,0.16311787513566492,0.20254516636078787,0.0454724694893552,-0.18219371673650617,0.041817973256597266,0.127572818715193,-0.1426233316465059,0.039641710393124814,0.16114212853214419,0.2369204656465455,0.25250129022622764,0.19566539811432745
191,0.15927249120338952,0.19784305641642658,0.04444889799975621,-0.17799529133804637,0.04049121098701305,0.12451833463098512,-0.13987965630767255,0.038989749391818346,0.15566208418714353,0.23198997233665064,0.2476767230631794,0.1944229105901
192,0.15688250697178371,0.19814396966855863,0.04492499861335753,-0.1768415570112304,0.03865423220968933,0.12248846171214282,-0.1375447270631031,0.03769626219704671,0.1501948901490189,0.22658059076907566,0.24237888538333063,0.19260881685771958
193,0.15317724052677745,0.20209319014669344,0.0466852979457855,-0.1774618812883587,0.036428983762552394,0.11915697036192315,-0.13531462878171074,0.035650100544680374,0.146655174264924,0.22091788887215927,0.23282722296004343,0.189907611606545
194,0.146709801226632,0.20153062840627195,0.04677670304838435,-0.17362043626809875,0.034889109977420694,0.1150224666948136,-0.13109937505147765,0.034071457734572846,0.14477456396991775,0.21697910989778635,0.2245508610159649,0.1825059102151356
195,0.1418365939603193,0.19494906070218657,0.045105310559466864,-0.16785881685005502,0.0332701028797174,0.11342745007652316,-0.12526101912889212,0.03258665825807042,0.14103962757093777,0.20810198828949786,0.21452962083752047,0.17451137467275638
196,0.1377345093974737,0.18867728177255863,0.04419920396552954,-0.16280415296122838,0.02987309857190762,0.1143069857133608,-0.12058990318024515,0.03072362577773894,0.13795665809952495,0.19526601304597424,0.20523941585593358,0.16694360598909413
197,0.1331655964141017,0.1801621461634502,0.04489214665875938,-0.156128050414722,0.027003720227268827,0.11325821692424513,-0.11643211190190263,0.029251114946130592,0.13434107780012003,0.19197585255594235,0.19841829262631738,0.16205530480100544
198,0.12591723235337535,0.17121294861913092,0.04566132715289536,-0.14869900488661109,0.024068173986116822,0.10829506150683228,-0.1096007751059552,0.027719507097204825,0.13235412732871263,0.19026789393245774,0.19185440725768593,0.15617981694633243
199,0.11702815106173478,0.16180902153757637,0.04539757319027595,-0.13952165028885655,0.019919133967173923,0.10083887135054924,-0.10079640571696417,0.025563150947349095,0.1287385300541384,0.18509771104848144,0.1835907917386524,0.15116691469383017
200,0.11140465432356125,0.1531466536706954,0.04243070738112547,-0.12997927241361176,0.014465886852452583,0.09235270326624719,-0.0930307740013352,0.024095564986627294,0.12268389850473362,0.1764021233130154,0.174140668555467,0.14733545650216026
201,0.10330956029805463,0.14548309990441152,0.03442078218394301,-0.12205440797691205,0.01791657342259853,0.08588001456044458,-0.08620516012933886,0.023989265051236774,0.12144218699478904,0.1691541195456044,0.1647838246536893,0.14297943160266163
202,0.09731589839218513,0.1382175101689874,0.024419946814670815,-0.11565052118587912,0.024256397050308093,0.0839787583789762,-0.07815397625867213,0.024268662992241168,0.12051647755836,0.1626665549748972,0.1565237984324443,0.1371354105118486
203,0.08696605316011399,0.13242582901921152,0.021074103879053764,-0.10883204665022345,0.024700145052358697,0.08302228852720658,-0.06958393626678516,0.024326999482658408,0.11698169782756286,0.1519494666925631,0.147854887406224,0.1298093956109837
204,0.07936491779647102,0.12885704415174845,0.02695675028941203,-0.10076126566674294,0.017044847389252476,0.07769453734352688,-0.06392740464717178,0.024262574273994655,0.11145628057364804,0.14198726482432156,0.13619637791350758,0.12241991323242005
205,0.07360083855133905,0.1245388283353848,0.033435110112058256,-0.09328002365703178,0.008741403509188245,0.07271990726165994,-0.06099116195926935,0.023917597212582048,0.10556492525573613,0.13574508339633895,0.12409403338253427,0.1107110874310078
206,0.07173420918426926,0.11889156403656428,0.03347528552885643,-0.0880837395295754,0.005942068832822711,0.06870609603392695,-0.05681240546278209,0.02141186021372364,0.1025484497301659,0.13173732216912298,0.12147501549582031,0.10185072459327689
207,0.06894582427489668,0.11233899459081928,0.03005348540337826,-0.0833984979538494,0.006111453747332403,0.06499404017396211,-0.0507358889544694,0.014223363703885007,0.10038942624936749,0.12292328612217908,0.11950241980556311,0.09608463372549693
208,0.06327211276196915,0.10350326423076399,0.027396729763160734,-0.07747002870704099,0.005363877009809962,0.0684105152900891,-0.04513863628619598,0.004747132916412693,0.09520645767309285,0.1128690906412786,0.10768831046023161,0.09190111724530549
209,0.058015112638507824,0.09637168345198482,0.02615288492289474,-0.07171745513049135,0.003358263086119882,0.06992370562125762,-0.04052220496761742,0.0014449128819800823,0.0898433789711325,0.10138090997623028,0.093142127318711,0.08718651698076216
210,0.05385529802337731,0.0899048454523971,0.02633237329811408,-0.06586606634892594,0.0004660399778060424,0.06744686038267422,-0.03603451468984445,0.0003816118765883371,0.08314329049145512,0.09471087120717789,0.08177036943432883,0.0801368081656092
211,0.04907142710490242,0.08452934910395685,0.02605026871431202,-0.0604787832979121,-0.0018126883225287136,0.06292732776408494,-0.030840262630091077,-0.0035708720625294826,0.07794314434316352,0.08898683351512796,0.07315346173132929,0.07275452282919742
212,0.04140386095868888,0.08197713813114499,0.023088269016446006,-0.0555556156905803,-0.0013179999543178585,0.05730394119775624,-0.02446056189341749,-0.00856235030684429,0.07439040659146387,0.08039273701407929,0.06647425712942455,0.06937520920733892
213,0.03332826159734942,0.07437480542182487,0.018620076585127706,-0.052004438281476634,0.0009336657309911957,0.049024908235202086,-0.01834431193320195,-0.012229032563080777,0.0700049564108554,0.07561226024646166,0.06138185876743482,0.06568950111046008
214,0.033315203255000814,0.069922845675853,0.01502146203003771,-0.0494945250725621,0.0017790168259811763,0.04079234569200403,-0.014475363939283387,-0.01548106750037698,0.06497055641972387,0.07067574450690091,0.05923494770692267,0.05357017885506429
215,0.02949021742975668,0.06525021727782093,0.014750241953080322,-0.0466917578210638,-0.0006798015765809773,0.03811412097866936,-0.012253323113778447,-0.018791364409685467,0.05743118088422315,0.0660668768994168,0.053942093025487726,0.0439634892118621
216,0.026097534438522765,0.060052940952208075,0.018967917713983568,-0.04080501717901081,-0.00573020689049775,0.03978452193592834,-0.009850486840344917,-0.01936367284736487,0.04903436745132492,0.06132339855367573,0.04765088250176602,0.03762968415514796
217,0.018453593285195365,0.05450568268591961,0.023499897811358098,-0.03676882602719792,-0.009711700642575097,0.040799038663649444,-0.007336900457689751,-0.017519721241149016,0.04553964597059919,0.05663831367229347,0.041085221273582745,0.03901976491032571
218,0.020561912759444353,0.04934711774201059,0.024238495167479533,-0.03654061722170677,-0.010267371265664488,0.040172974809950204,-0.005978741830553382,-0.0176713557742304,0.04197296235940038,0.05125864523129725,0.03431958698994998,0.04089969760498344
219,0.019320772271095996,0.04786000665315882,0.024031317128510168,-0.035133082888272424,-0.010694583917136624,0.03797901185678347,-0.005962946302119434,-0.020975482123989454,0.0403520881779288,0.045236820013202485,0.025646377843201333,0.039906293706078275
220,0.016044506597093874,0.04432925145472556,0.025726940570541652,-0.031063792695796573,-0.014493017882528887,0.03371892318595232,-0.006478259554240015,-0.02604888998972111,0.03602642334079385,0.04049935843953326,0.01995231275636008,0.03723150742192591
221,0.01486154528310285,0.03969730987845585,0.02180564548567597,-0.025679158664861798,-0.01423955974411657,0.030336637882568938,-0.010166347549119872,-0.03221364616049762,0.03478448299559052,0.036719924541559264,0.01577212378669953,0.03419450866730245
222,0.0140289702082667,0.03527490857547448,0.01720444371935932,-0.02198425668385153,-0.010083125215712186,0.025885550934268454,-0.011940008433998645,-0.03687841339565593,0.03254557128055688,0.03317379020619603,0.015432202997988607,0.03563464482401598
223,0.01046486315830462,0.03301252303079796,0.015253087219767371,-0.019037759522555563,-0.008751601385554985,0.023749559656764736,-0.009458582516606305,-0.038092849030301926,0.028922493353625782,0.02742111065919982,0.01597872987927801,0.03468048602849935
224,0.00397645894826338,0.03215750025981315,0.016804237506997353,-0.015361156375593286,-0.011302079643990229,0.02352580682917456,-0.008605809730789882,-0.0389224576147323,0.024943012906218455,0.02170550829828259,0.011783622539360154,0.02873726414052982
225,-0.00012573959416821434,0.030998720315325003,0.01665656440494389,-0.012569579820654382,-0.011885010601592649,0.022721366218491926,-0.008973024033817674,-0.04095436019295583,0.019916621513449202,0.015110231081633098,0.0036351635372578323,0.021656363828976948
226,0.004514537879908409,0.027260105761024854,0.012062470248323846,-0.013686048943452551,-0.007881205422728545,0.019834030162425964,-0.009171057401678152,-0.04139323844343092,0.020447180029265457,0.013457125714866382,0.002651068809453122,0.020413643258737613
227,0.007777872727567456,0.024305419570645134,0.00739374284600027,-0.013403629078409245,-0.004327712708563225,0.016384431773105824,-0.00743666204352033,-0.04265518097609001,0.018922185972982883,0.012210622725114764,0.001194749820742344,0.020291594498017373
228,0.007357881901203289,0.02301562617569057,0.006607988633363674,-0.01130502285701318,-0.0049808572547281,0.014552655907986194,-0.004908840067038563,-0.04507614132398497,0.018576261579720137,0.010735614869405656,-0.0012250637294908828,0.020513804087048233
229,0.00363459500291953,0.021812786653444667,0.009425804952069967,-0.008081517893785813,-0.008705971975371473,0.015054265665402189,-0.004925903242436518,-0.041357827269601924,0.018854331409458792,0.009168037506520697,-0.0009597618883904757,0.017734203662810047
230,-0.0009117243084475896,0.01839778902095384,0.013182659688662368,-0.006578511900488644,-0.01302870154413235,0.01695402326469791,-0.007686795268905394,-0.041521054767941504,0.01749169076063511,0.009410081737070766,-0.0019322501513481666,0.014859411829750504
231,-0.004227963143453986,0.01371727808310648,0.014149494699443398,-0.0057062096697274994,-0.015609155696568303,0.018893502523858616,-0.009455247074251555,-0.043038888677657414,0.015043641672966176,0.009722306514364336,-0.0041067508704300815,0.014786649880999665
232,-0.006612531130853361,0.012529182326644232,0.011924009384270687,-0.005373816885317587,-0.015688697032681668,0.02149264822256337,-0.007954481883397375,-0.040697718841319085,0.013674991854738607,0.008335496386924594,-0.007061607286671864,0.013920132886257385
233,-0.004790565050399709,0.014886131078351711,0.010347045146506445,-0.005920229015328141,-0.014677170866122306,0.018520373142920626,-0.005175352957112068,-0.035519742668673714,0.010926444412603657,0.00676243637154865,-0.010508440010599765,0.01141841943356331
234,0.0007792763834396366,0.015440719779893267,0.01028150616602133,-0.005789337264755709,-0.013399590092383108,0.011644199369317588,-0.004036800389343238,-0.03248392269494856,0.0077888906290047785,0.0042842302491240755,-0.014232709836699803,0.009493622353722753
235,0.0018170279782476692,0.01297821980675607,0.008626854958379164,-0.004444280982488079,-0.011440981462409832,0.011120831187827682,-0.004176612531042817,-0.03254234727489071,0.009596351940737671,0.004116205273967985,-0.015788478621982766,0.010490412149596479
236,-0.0012736833903035302,0.011075794173617065,0.006177910460057244,-0.002237647386055107,-0.010191230499008858,0.008697165403745707,-0.0029093452218973415,-0.03314429658142927,0.015426566878707356,0.0058696017594768515,-0.015461743480843615,0.01094157620171405
237,-0.004689390341913943,0.0119101188449676,0.0075458980720896586,0.00018771554656701883,-0.012420113727627545,0.008520263593175769,-0.00018853733362748232,-0.03314479656434735,0.02042780775599406,0.008329450090526547,-0.015403426550189295,0.013602548385105117
238,-0.009474214397430424,0.014478803605033536,0.012410789433179439,-0.0008727160186328062,-0.017267175893311504,0.010970538469126465,0.0007404070580742869,-0.03295837279433759,0.01653463327085333,0.009796823382167662,-0.015362986774339102,0.013408899615671478
239,-0.012664374174988391,0.014502521623147163,0.015665003963122006,-0.0008676967650911999,-0.020585115844174846,0.012533920313176908,-0.0007360996309717406,-0.03290067731409975,0.014486102813353047,0.009687922808924249,-0.014038400097820064,0.011921518486764204
240,-0.012613415205619198,0.011947292145072098,0.015661640057838287,-0.00029316352897605646,-0.020557954406848433,0.012556035892577803,-0.0006947564941739981,-0.03332795423551391,0.015064258524449613,0.00911788352763894,-0.011844683429326194,0.008266050059520413
241,-0.009129830410031181,0.010780500056661008,0.014764445043896802,-0.0021260138106529367,-0.018367564502083652,0.013400633276430304,0.0027087440301821752,-0.03362073889560989,0.0131765819555151,0.009697465169447368,-0.0048778677387369546,0.0018564435077642535
242,-0.00419869583438548,0.012920305032475703,0.014632277425362064,-0.004487330065712614,-0.01583591340499347,0.01573403294571846,0.006299305461085078,-0.03152606731155036,0.012351530525418488,0.011222923462414151,0.00017648183774987558,-0.0010161672828976481
243,-0.0010011821857052045,0.01591855021748429,0.015983807837896723,-0.005990549700698421,-0.01491292178692066,0.018684320182593164,0.006580140258207939,-0.02762763203512148,0.013517436413483644,0.010862298970385674,0.0016249729261776091,-0.0007948796781948528
244,-0.0025441375747424708,0.015404004141393993,0.018992886684536116,-0.007060090479117473,-0.016391996982055335,0.02171886325741764,0.0028792889456010252,-0.026893543645406026,0.016778996257796133,0.011655582253808174,0.00039957980797171444,-0.0005795019153662304
245,-0.00981413276865089,0.007611250201380926,0.021418204077346365,-0.006052902175057204,-0.018714579178693083,0.01986218936135417,-0.002134496277499922,-0.030315077955738165,0.021411884487914052,0.013129525926878827,-0.002987462856521919,-0.0007085832089388303
246,-0.011232595893357566,0.00539970128949583,0.020924290185373097,-0.003417107460471816,-0.019662041117005858,0.016376483308565462,-0.0040839820409231155,-0.03223073645222578,0.024736664844023086,0.013780257709850884,-0.005697636279237528,0.0005508215545746223
247,-0.008749272241654442,0.007355003390516618,0.019525642339680477,-0.0038553838650676533,-0.018992402749125906,0.017008914235702454,-0.0013631445768328282,-0.030083828155796286,0.02869114716269619,0.013508880606015142,-0.0059557727046049835,0.0029243961343874067
248,-0.009055074879726906,0.009981771383510175,0.01903097912753819,-0.005211113481193783,-0.017499260197374262,0.01782006573433764,0.0036285288852663695,-0.02722461616343192,0.03294908282810373,0.011880926206726476,-0.0053559974282986755,0.004439317526245899
249,-0.01144347510095945,0.015454411617165868,0.015927433567768958,-0.006245167954249654,-0.017393489151940864,0.017727187468639105,0.007032069546440176,-0.024727712349508834,0.03439447699383503,0.016132438895246702,-0.005263657386094495,0.004365638542096789
250,-0.012080429326706693,0.0120400869179898,0.009176832997888608,-0.005360993585920716,-0.016147511889817192,0.01655824830986834,0.006793476296815062,-0.020193528305605633,0.03427213704958525,0.018632594965688393,-0.005352289582513825,0.0034220996984631533
251,-0.00958858673615056,0.010040300589902768,0.004195621408855953,-0.006772138309763288,-0.014037680890289707,0.01890437129284409,0.005316985373907516,-0.015320901832347664,0.03444782836663942,0.01970310744348734,-0.0053240648099508875,0.003347994689388449
252,-0.006658024969348517,0.012395766847139784,0.004060980075192958,-0.009364991590843669,-0.01167490981653042,0.017758245769684506,0.006245907805007351,-0.015432993877369038,0.03467626403303987,0.019424972880840226,-0.005219547151678355,0.006192317562496934
